Workbook

Sheet Inputs
A1: Parameter | B1: Value
A2: Total rows | B2: 1400000 | D2: Rows hitting LLM | E2: =B2*B3/100 -> 1400000
A3: Percent rows sent to LLM (0-100) | B3: 100 | D3: Total Input Tokens | E3: =E2*B4 -> 1120000000
A4: Input tokens per row | B4: 800 | D4: Total Output Tokens | E4: =E2*B5 -> 16800000
A5: Output tokens per row | B5: 12 | D5: Total Tokens (in+out) | E5: =E3+E4 -> 1136800000
A6: Use Azure Batch API discount (0/1) | B6: 1
A7: Amethyst agentic % rows to LLM (0-100) | B7: 100
A8: Batch TPS (tokens/sec) | B8: 50000
A9: Batch Parallel factor | B9: 20

Sheet Pricing
A1: Provider/Model | B1: Input $ per 1M | C1: Output $ per 1M | D1: Batch Factor (Azure only)
A2: Groq – Llama-4 Maverick | B2: 0.2 | C2: 0.6 | D2: =IF(Inputs!B6=1,IF(ISNUMBER(FIND("Azure",A2)),0.5,1),1) -> 1
A3: Azure – GPT-4o | B3: 2.5 | C3: 10 | D3: =IF(Inputs!B6=1,IF(ISNUMBER(FIND("Azure",A3)),0.5,1),1) -> 0.5
A4: Azure – GPT-4o-mini | B4: 0.15 | C4: 0.6 | D4: =IF(Inputs!B6=1,IF(ISNUMBER(FIND("Azure",A4)),0.5,1),1) -> 0.5
A5: Azure – o3-mini | B5: 1.1 | C5: 4.4 | D5: =IF(Inputs!B6=1,IF(ISNUMBER(FIND("Azure",A5)),0.5,1),1) -> 0.5
A6: Anthropic – Claude 3.5 Sonnet | B6: 3 | C6: 15 | D6: =IF(Inputs!B6=1,IF(ISNUMBER(FIND("Azure",A6)),0.5,1),1) -> 1
A7: Anthropic – Claude 3 Haiku | B7: 0.8 | C7: 4 | D7: =IF(Inputs!B6=1,IF(ISNUMBER(FIND("Azure",A7)),0.5,1),1) -> 1
A8: Google – Gemini 1.5 Pro | B8: 2.5 | C8: 15 | D8: =IF(Inputs!B6=1,IF(ISNUMBER(FIND("Azure",A8)),0.5,1),1) -> 1
A9: Google – Gemini 1.5 Flash | B9: 0.1 | C9: 0.4 | D9: =IF(Inputs!B6=1,IF(ISNUMBER(FIND("Azure",A9)),0.5,1),1) -> 1

Sheet Results
A1: Provider/Model | B1: Input Tokens | C1: Output Tokens | D1: Input Cost | E1: Output Cost | F1: Total Cost (USD)
A2: =Pricing!A2 -> Groq – Llama-4 Maverick | B2: =Inputs!E3 -> 1120000000 | C2: =Inputs!E4 -> 16800000 | D2: =(B2/1000000)*Pricing!B2*Pricing!D2 -> 224 | E2: =(C2/1000000)*Pricing!C2*Pricing!D2 -> 10.08 | F2: =D2+E2 -> 234.08
A3: =Pricing!A3 -> Azure – GPT-4o | B3: =Inputs!E3 -> 1120000000 | C3: =Inputs!E4 -> 16800000 | D3: =(B3/1000000)*Pricing!B3*Pricing!D3 -> 1400 | E3: =(C3/1000000)*Pricing!C3*Pricing!D3 -> 84 | F3: =D3+E3 -> 1484
A4: =Pricing!A4 -> Azure – GPT-4o-mini | B4: =Inputs!E3 -> 1120000000 | C4: =Inputs!E4 -> 16800000 | D4: =(B4/1000000)*Pricing!B4*Pricing!D4 -> 84 | E4: =(C4/1000000)*Pricing!C4*Pricing!D4 -> 5.04 | F4: =D4+E4 -> 89.04
A5: =Pricing!A5 -> Azure – o3-mini | B5: =Inputs!E3 -> 1120000000 | C5: =Inputs!E4 -> 16800000 | D5: =(B5/1000000)*Pricing!B5*Pricing!D5 -> 616 | E5: =(C5/1000000)*Pricing!C5*Pricing!D5 -> 36.96 | F5: =D5+E5 -> 652.96
A6: =Pricing!A6 -> Anthropic – Claude 3.5 Sonnet | B6: =Inputs!E3 -> 1120000000 | C6: =Inputs!E4 -> 16800000 | D6: =(B6/1000000)*Pricing!B6*Pricing!D6 -> 3360 | E6: =(C6/1000000)*Pricing!C6*Pricing!D6 -> 252 | F6: =D6+E6 -> 3612
A7: =Pricing!A7 -> Anthropic – Claude 3 Haiku | B7: =Inputs!E3 -> 1120000000 | C7: =Inputs!E4 -> 16800000 | D7: =(B7/1000000)*Pricing!B7*Pricing!D7 -> 896 | E7: =(C7/1000000)*Pricing!C7*Pricing!D7 -> 67.2 | F7: =D7+E7 -> 963.2
A8: =Pricing!A8 -> Google – Gemini 1.5 Pro | B8: =Inputs!E3 -> 1120000000 | C8: =Inputs!E4 -> 16800000 | D8: =(B8/1000000)*Pricing!B8*Pricing!D8 -> 2800 | E8: =(C8/1000000)*Pricing!C8*Pricing!D8 -> 252 | F8: =D8+E8 -> 3052
A9: =Pricing!A9 -> Google – Gemini 1.5 Flash | B9: =Inputs!E3 -> 1120000000 | C9: =Inputs!E4 -> 16800000 | D9: =(B9/1000000)*Pricing!B9*Pricing!D9 -> 112 | E9: =(C9/1000000)*Pricing!C9*Pricing!D9 -> 6.72 | F9: =D9+E9 -> 118.72

Sheet Amethyst View
A1: Amethyst Studio – Agentic Routing Cost View
A3: Select model (use dropdown) | B3: Azure – GPT-4o | D3: Selected model pricing
D4: Input $ per 1M | E4: =INDEX(Pricing!$B$2:$B$9, MATCH(B3, Pricing!$A$2:$A$9, 0)) -> 2.5
A5: Routing % (from Inputs) | B5: =Inputs!B3 -> 100 | D5: Output $ per 1M | E5: =INDEX(Pricing!$C$2:$C$9, MATCH(B3, Pricing!$A$2:$A$9, 0)) -> 10
A6: Input tokens / row | B6: =Inputs!B4 -> 800 | D6: Batch factor | E6: =INDEX(Pricing!$D$2:$D$9, MATCH(B3, Pricing!$A$2:$A$9, 0)) -> 0.5
A7: Output tokens / row | B7: =Inputs!B5 -> 12
A8: Total LLM rows | B8: =Inputs!E2 -> 1400000 | D8: Input Cost | E8: =(B9/1000000)*E4*E6 -> 1400
A9: Total tokens in | B9: =Inputs!E3 -> 1120000000 | D9: Output Cost | E9: =(B10/1000000)*E5*E6 -> 84
A10: Total tokens out | B10: =Inputs!E4 -> 16800000 | D10: Total Cost | E10: =E8+E9 -> 1484

Sheet Performance
A1: Performance Estimates per Model (Standard API + Dynamic Batch)
A3: Global defaults
A4: Default tokens/sec (Standard) | B4: 1000
A5: Default parallel units (Standard) | B5: 10
A6: Batch TPS (tokens/sec) | B6: =Inputs!B7 -> 100
A7: Batch Parallel factor | B7: =Inputs!B8 -> 50000
A8: Total tokens (from Inputs) | B8: =Inputs!E5 -> 1136800000
A10: Provider/Model | B10: Tokens/sec (Std) | C10: Parallel units (Std) | D10: Std Est. time (min) | E10: Batch supported? | F10: Batch Est. time (min)
A11: Groq – Llama-4 Maverick | B11: 300000 | C11: 10 | D11: =B8/(B11*C11)/60 -> 6.3155556 | E11: =IF(ISNUMBER(FIND("Azure",A11)),"Yes","No") -> No | F11: =IF(E11="Yes",B8/(B6*B7)/60,"-") -> -
A12: Azure – GPT-4o | B12: 2000 | C12: 10 | D12: =B8/(B12*C12)/60 -> 947.33333 | E12: =IF(ISNUMBER(FIND("Azure",A12)),"Yes","No") -> Yes | F12: =IF(E12="Yes",B8/(B6*B7)/60,"-") -> 3.7893333
A13: Azure – GPT-4o-mini | B13: 1500 | C13: 10 | D13: =B8/(B13*C13)/60 -> 1263.1111 | E13: =IF(ISNUMBER(FIND("Azure",A13)),"Yes","No") -> Yes | F13: =IF(E13="Yes",B8/(B6*B7)/60,"-") -> 3.7893333
A14: Azure – o3-mini | B14: 1200 | C14: 10 | D14: =B8/(B14*C14)/60 -> 1578.8889 | E14: =IF(ISNUMBER(FIND("Azure",A14)),"Yes","No") -> Yes | F14: =IF(E14="Yes",B8/(B6*B7)/60,"-") -> 3.7893333
A15: Anthropic – Claude 3.5 Sonnet | B15: 1200 | C15: 10 | D15: =B8/(B15*C15)/60 -> 1578.8889 | E15: =IF(ISNUMBER(FIND("Azure",A15)),"Yes","No") -> No | F15: =IF(E15="Yes",B8/(B6*B7)/60,"-") -> -
A16: Anthropic – Claude 3 Haiku | B16: 2500 | C16: 10 | D16: =B8/(B16*C16)/60 -> 757.86667 | E16: =IF(ISNUMBER(FIND("Azure",A16)),"Yes","No") -> No | F16: =IF(E16="Yes",B8/(B6*B7)/60,"-") -> -
A17: Google – Gemini 1.5 Pro | B17: 1800 | C17: 10 | D17: =B8/(B17*C17)/60 -> 1052.5926 | E17: =IF(ISNUMBER(FIND("Azure",A17)),"Yes","No") -> No | F17: =IF(E17="Yes",B8/(B6*B7)/60,"-") -> -
A18: Google – Gemini 1.5 Flash | B18: 3000 | C18: 10 | D18: =B8/(B18*C18)/60 -> 631.55556 | E18: =IF(ISNUMBER(FIND("Azure",A18)),"Yes","No") -> No | F18: =IF(E18="Yes",B8/(B6*B7)/60,"-") -> -

Sheet Notes
A1: Batch time now calculated dynamically: Total tokens ÷ (Batch TPS × Batch Parallel factor) ÷ 60 for Azure models.
A2: Edit Batch TPS and Parallel factor in Inputs to simulate Azure Batch performance.
A3: Non-Azure rows show '-' for Batch time.
